crop_type,mean_ndvi_before,mean_ndvi_after,n_parcels
sugarcane,0.17748928571428574,0.3361034482758621,19
soybean,0.17062195121951226,0.3126413043478261,4
wheat,0.1761372549019608,0.3101333333333334,2
